{
	"id": "Archive",
	"mails": [
		{
			"id": 13,
			"from": "adele.guyuson@hat-chicken6.xyz",
			"to": "steve@example.com",
			"date": "May 2, 2011",
			"subject": "RE: Reservation confirmation #999331516",
			"folder": "Archive"
		},
		{
			"id": 14,
			"from": "blair@pleasure-cactus77.xyz",
			"to": "steve@example.com",
			"date": "May 24, 2011",
			"subject": "Project Sky  - your job is 9pm",
			"folder": "Archive"
		},
		{
			"id": 15,
			"from": "brennan@lake.xyz",
			"to": "steve@example.com",
			"date": "May 20, 2011",
			"subject": "RE: Car9 network is out of service",
			"folder": "Archive"
		},
		{
			"id": 16,
			"from": "BYLB \u003ctravis98@downtown28.xyz\u003e",
			"to": "steve@example.com",
			"date": "May 20, 2011",
			"subject": "RE: Pear tactics",
			"folder": "Archive"
		},
		{
			"id": 17,
			"from": "catherine85@fanhope14.xyz",
			"to": "steve@example.com",
			"date": "May 6, 2011",
			"subject": "Meet with Camilla",
			"folder": "Archive"
		},
		{
			"id": 18,
			"from": "channing11@moon26.xyz",
			"to": "steve@example.com",
			"date": "May 13, 2011",
			"subject": "Meeting at 9am",
			"folder": "Archive"
		},
		{
			"id": 19,
			"from": "clio.gucysmith@pailmountain.xyz",
			"to": "steve@example.com",
			"date": "May 2, 2011",
			"subject": "Your order P815875237 has dispatched",
			"folder": "Archive"
		},
		{
			"id": 20,
			"from": "erich.grizajuson7@volleyball-icicle.xyz",
			"to": "steve@example.com",
			"date": "May 23, 2011",
			"subject": "Reservation confirmation #439756385",
			"folder": "Archive"
		},
		{
			"id": 21,
			"from": "fitzgerald.togoag@bike.xyz",
			"to": "steve@example.com",
			"date": "May 24, 2011",
			"subject": "Feedback requested by Bradley Vasedrismith",
			"folder": "Archive"
		},
		{
			"id": 22,
			"from": "harriet1@pear-daughter.xyz",
			"to": "steve@example.com",
			"date": "Apr 30, 2011",
			"subject": "RE: Hall server is back up",
			"folder": "Archive"
		},
		{
			"id": 23,
			"from": "Ila \u003craja@quiet.xyz\u003e",
			"to": "steve@example.com",
			"date": "May 14, 2011",
			"subject": "RE: Your order A435146969 is delayed",
			"folder": "Archive"
		},
		{
			"id": 24,
			"from": "Kareem Wyeson \u003canne56@crayon21.xyz\u003e",
			"to": "steve@example.com",
			"date": "May 16, 2011",
			"subject": "FW: Straw diagrams",
			"folder": "Archive"
		},
		{
			"id": 25,
			"from": "keith2@hope.xyz",
			"to": "steve@example.com",
			"date": "May 14, 2011",
			"subject": "Operation Island finished",
			"folder": "Archive"
		},
		{
			"id": 26,
			"from": "lev.vopiyosson@dirt-crown.xyz",
			"to": "steve@example.com",
			"date": "May 3, 2011",
			"subject": "RE: DB Replication ending now",
			"folder": "Archive"
		},
		{
			"id": 27,
			"from": "melinda.atla@string-hall94.xyz",
			"to": "steve@example.com",
			"date": "May 18, 2011",
			"subject": "have clinic appt at 5:45",
			"folder": "Archive"
		},
		{
			"id": 28,
			"from": "Richard \u003cfiona2@wrench.xyz\u003e",
			"to": "steve@example.com",
			"date": "May 4, 2011",
			"subject": "Beam5 network is back up",
			"folder": "Archive"
		},
		{
			"id": 29,
			"from": "sean.mayel@string37.xyz",
			"to": "steve@example.com",
			"date": "May 7, 2011",
			"subject": "Feedback requested by Dawn Pytosson",
			"folder": "Archive"
		},
		{
			"id": 30,
			"from": "Simone \u003croary@bushes.xyz\u003e",
			"to": "steve@example.com",
			"date": "May 9, 2011",
			"subject": "RE: Does Nolan know C#?",
			"folder": "Archive"
		},
		{
			"id": 31,
			"from": "thaddeus.tregube5@butter coast.xyz",
			"to": "steve@example.com",
			"date": "May 18, 2011",
			"subject": "RE: Remember Chava\u0027s brother",
			"folder": "Archive"
		},
		{
			"id": 32,
			"from": "zenia.dayson@pail-apparel8.xyz",
			"to": "steve@example.com",
			"date": "May 11, 2011",
			"subject": "RE: Reviewing VHD demo",
			"folder": "Archive"
		}
	]
}